[{
		"name": "pharma.public",
		"imports": [
			"pharma.covid",
			"pharma.health",
			"pharma.disease",
			"pharma.vaccine",
			"pharma.emergency",
			"pharma.support",
			"pharma.people",
			"pharma.live",
			"pharma.protect",
			"pharma.safe",
			"pharma.risk",
			"pharma.care"
		]
	},

	{
		"name": "pharma.covid",
		"imports": [
			"pharma.public",
			"pharma.pandemic",

			"pharma.coronavirus",
			"pharma.vaccine"
		]
	},

	{
		"name": "pharma.health",
		"imports": [
			"pharma.disease",
			"pharma.emergency"

		]
	},

	{
		"name": "pharma.vaccine",
		"imports": [
			"pharma.protect",
			"pharma.safe",
			"pharma.risk",
			"pharma.people",
			"pharma.drtedros",
			"pharma.remark"
		]
	},

	{
		"name": "pharma.europe",
		"imports": [
			"pharma.africa",
			"pharma.countries"
		]
	},
	{
		"name": "pharma.drtedros",
		"imports": []
	},
	{
		"name": "pharma.protect",
		"imports": []
	},
	{
		"name": "pharma.remark",
		"imports": []
	},
	{
		"name": "pharma.countries",
		"imports": []
	},
	{
		"name": "pharma.africa",
		"imports": []
	},
	{
		"name": "pharma.report",
		"imports": []
	},
	{
		"name": "pharma.pandemic",
		"imports": [
			"pharma.drtedros",
			"pharma.report"
		]
	},
	{
		"name": "pharma.disease",
		"imports": []
	},
	{
		"name": "pharma.emergency",
		"imports": []
	},
	{
		"name": "pharma.support",
		"imports": []
	},
	{
		"name": "pharma.people",
		"imports": []
	},
	{
		"name": "pharma.live",
		"imports": []
	},
	{
		"name": "pharma.care",
		"imports": []
	},
	{
		"name": "pharma.risk",
		"imports": []
	},
	{
		"name": "pharma.coronavirus",
		"imports": []
	},
	{
		"name": "pharma.safe",
		"imports": []
	},
	{
		"name": "pharma.pandemic",
		"imports": []
	}
]