id,created_at,conversation_id,tweet,retweet_count,like_count,reply_count,quote_count,expanded_url,language,possibly_sensitive,in_reply_to_user_id,username
1488299905655480326,2022-01-31 23:55:23+00:00,1488299905655480326,U.S. unveils $1.15 bln for abandoned oil and gas well clean-up https://t.co/9X1FVVFcNf https://t.co/mzZzuH7zDf,9,42,5,2,http://reut.rs/3ocRr6M,en,False,,Reuters
1488298626132713478,2022-01-31 23:50:18+00:00,1488298626132713478,Jamaica digital currency due for national roll-out in coming months - central bank https://t.co/xCfcWbtz3B https://t.co/DaGZvTw8rm,20,37,5,2,http://reut.rs/35toblM,en,False,,Reuters
1488297361336160259,2022-01-31 23:45:16+00:00,1488297361336160259,Crew rescued after ships collide off Dutch coast in storm https://t.co/ogQ49zgPUB https://t.co/9CCLKnnCu4,18,66,2,2,http://reut.rs/3gaVa0f,en,False,,Reuters
1488296104613588996,2022-01-31 23:40:17+00:00,1488296104613588996,"Biden to host senators Durbin, Grassley on Supreme Court opening https://t.co/NmRmmxThmc https://t.co/De4YsmEcEA",20,63,12,2,http://reut.rs/3AVatnC,en,False,,Reuters
1488294850684493826,2022-01-31 23:35:18+00:00,1488294850684493826,"Inflation expectations stable, faster price rises may be easing -Fed data https://t.co/KgLt29xorX https://t.co/F24YYq5V7l",10,31,7,4,http://reut.rs/3ug5FIe,en,False,,Reuters
1488293611989049346,2022-01-31 23:30:22+00:00,1488293611989049346,Harvard Law Review elects first Latina president https://t.co/oCscQjlymi https://t.co/ZuIbu80QjY,19,82,6,5,http://reut.rs/3GdkIo9,en,False,,Reuters
1488293518997086208,2022-01-31 23:30:00+00:00,1488293518997086208,"As an international standoff between Russia and the West over Ukraine continues, residents are losing hope that it will all end peacefully. The build-up of tensions is weighing heavily on Ukrainians https://t.co/uPAd6jXUey https://t.co/EC0o26pNti",32,89,20,3,https://reut.rs/35Dyggd,en,False,,Reuters
1488292331237294081,2022-01-31 23:25:17+00:00,1488292331237294081,Peru's Castillo rattles Andean country with new Cabinet shake-up https://t.co/y0fhQ7pHfO https://t.co/b5RT8goxLK,8,14,5,1,http://reut.rs/35tPkFe,en,False,,Reuters
1488292258667503624,2022-01-31 23:25:00+00:00,1488292258667503624,"'Every one of us should know why they were born. We are here for a reason,' says Suhail al Nashash, a visually impaired athlete in Jordan who finds solace in running https://t.co/pZ8wHRCPp0",4,34,4,4,https://twitter.com/Reuters/status/1488292258667503624/video/1,en,False,,Reuters
1488291079967412232,2022-01-31 23:20:19+00:00,1488291079967412232,"Ecuador oil spill affected protected area in Amazon, government says https://t.co/29SQJeuI0p https://t.co/TgnFtoUjW4",43,60,6,5,http://reut.rs/3IPOuRJ,en,False,,Reuters
1488291000200036355,2022-01-31 23:20:00+00:00,1488291000200036355,Riz Ahmed says his short film ‘The Long Goodbye’ is inspired by personal fears about rising intolerance and discrimination in the world https://t.co/nokZMsV6dy https://t.co/M86x4aje9B,10,41,5,0,https://reut.rs/35F1R91,en,False,,Reuters
1488289827221028866,2022-01-31 23:15:20+00:00,1488289827221028866,"Novavax, after delays, files for U.S. authorization of COVID-19 vaccine https://t.co/aZwC7uyiD6 https://t.co/6cXQAgbPmg",13,39,7,3,http://reut.rs/3GiyPsu,en,False,,Reuters
1488289742282268673,2022-01-31 23:15:00+00:00,1488289742282268673,The UAE said it intercepted a ballistic missile fired by Yemen’s Houthi movement as Israel’s president carried out his first official visit to the Gulf state https://t.co/8wqdPBbQ6Y https://t.co/ZKPGqXjXFb,24,58,4,4,https://reut.rs/3rgUfC8,en,False,,Reuters
1488289612804112396,2022-01-31 23:14:29+00:00,1488289612804112396,RT @RobinRespaut: Last year was another really difficult year for patients with diabetes. Our latest story about how U.S. diabetes deaths t…,30,0,0,0,,en,False,,Reuters
1488288561573027843,2022-01-31 23:10:18+00:00,1488288561573027843,Lockheed selects Alabama and Georgia for next-gen air tanker plants https://t.co/cReLFW94im https://t.co/SgfSrKU4rL,18,50,3,0,http://reut.rs/3KYLKTJ,en,False,,Reuters
1488288483659718659,2022-01-31 23:10:00+00:00,1488288483659718659,"HIP Coffee &amp; Restaurant in Thailand has become home to cryptocurrency traders, adding screens showing the latest market moves. The café also offers free crypto investment consulting and is planning on starting its own cryptocurrency coin https://t.co/euQwYACQk4 https://t.co/mFGLruh1i7",12,24,10,2,https://reut.rs/3IQOC3n,en,False,,Reuters
1488288377921327105,2022-01-31 23:09:35+00:00,1488288377921327105,"From @Breakingviews: Spotify is slapping advisories on its shows after a Joe Rogan COVID-19 misinformation spat. Putting the audio equivalent of parental advisory on such content is unlikely to enhance its appeal to listeners, writes @karenkkwok https://t.co/2RqHou7kr0",11,42,24,3,https://reut.rs/3IMFPiO,en,False,,Reuters
1488287296667463691,2022-01-31 23:05:17+00:00,1488287296667463691,"Cubans bundle up against cold as temperatures plunge, winds roar https://t.co/14WFYLWiDv https://t.co/4HJCTbDOWe",10,33,7,4,http://reut.rs/3odhgDX,en,False,,Reuters
1488287225867423745,2022-01-31 23:05:00+00:00,1488287225867423745,"With the Nigerian health authorities destroying more than a million expired doses last month, citizens say they now have the confidence to get vaccinated against COVID-19 https://t.co/BMDnj9qYXt https://t.co/Th7Cfx0Xre",19,23,9,5,https://reut.rs/3uft38z,en,False,,Reuters
1488286096681222146,2022-01-31 23:00:31+00:00,1488286096681222146,Time for political decisions as Iran talks enter 'final stretch' -U.S. official https://t.co/G1OfQyE0R3 https://t.co/5Ww34ltZJI,10,33,5,2,http://reut.rs/3ufWmI0,en,False,,Reuters
1488285967362387970,2022-01-31 23:00:00+00:00,1488285967362387970,"Popular U.S. podcaster Joe Rogan apologized amid a backlash against COVID-19 misinformation on his program and his platform, Spotify, said it would add a content advisory to any episode related to the pandemic https://t.co/7BolOMrimQ https://t.co/IozF0ZGHgY",2,19,16,2,https://reut.rs/3IM65d8,en,False,,Reuters
1488285879458152448,2022-01-31 22:59:39+00:00,1488285879458152448,LIVE: SpaceX Falcon 9 launches radar surveillance satellite https://t.co/rmdVrN2ZNR,31,91,3,4,https://twitter.com/i/broadcasts/1OwGWzvmjjkKQ,en,False,,Reuters
1488284775752376320,2022-01-31 22:55:16+00:00,1488284775752376320,Biden says he plans to designate Qatar as major non-NATO ally https://t.co/6hvnVcHHol https://t.co/46TjIGDLgA,39,121,37,27,http://reut.rs/35xMH5f,en,False,,Reuters
1488284708647706630,2022-01-31 22:55:00+00:00,1488284708647706630,'Don't get caught napping' - pillow fighting enters combat sports arena https://t.co/0iLG8xgza5 https://t.co/yq9s7Bi17Z,60,107,22,29,https://reut.rs/349iV6u,en,False,,Reuters
1488283517352087555,2022-01-31 22:50:16+00:00,1488283517352087555,EU says Russia's Nord Stream 2 pipeline on hold for compliance review https://t.co/uZv7LvrD5o https://t.co/yAXedrBJz0,30,71,15,2,http://reut.rs/3s7DyrW,en,False,,Reuters
1488283450436034560,2022-01-31 22:50:00+00:00,1488283450436034560,"Ukraine's envoy to the U.N. Sergiy Kyslytsya told the UNSC that Russia has amassed about 130,000 troops near his nation's borders. ‘The question is why all these Russian forces are there,’ he said, since Ukraine had no plans for military actions against Russia https://t.co/wzNRT8jjUE",40,115,12,6,https://twitter.com/Reuters/status/1488283450436034560/video/1,en,False,,Reuters
1488282352484855810,2022-01-31 22:45:38+00:00,1488282352484855810,"Federal Reserve policymakers say they'll raise interest rates in March but spoke cautiously on Monday about what might follow, signaling a desire to keep options open in the face of an uncertain outlook for inflation and a pandemic still ongoing https://t.co/J3FnAbNfjE https://t.co/iwvfx6Mp6c",18,39,13,2,https://reut.rs/3s9a3Ww,en,False,,Reuters
1488282253990014976,2022-01-31 22:45:14+00:00,1488282253990014976,"U.S. CDC warns against travel to Mexico, Brazil, Singapore over COVID-19 https://t.co/siPCz8oqOB https://t.co/UQzZBdAzT0",31,56,16,9,http://reut.rs/3KSHw09,en,False,,Reuters
1488282192132378629,2022-01-31 22:45:00+00:00,1488282192132378629,Tears flowed uncontrollably at Los Angeles international airport as Honduran migrant Maria Hernandez reunited with her two daughters after being separated from them for four years https://t.co/RSBR5EpW5t https://t.co/yfIwyC4QLf,49,252,8,8,https://reut.rs/3rf8lDZ,en,False,,Reuters
1488281001541386243,2022-01-31 22:40:16+00:00,1488281001541386243,South Africa scraps isolation for COVID positive people with no symptoms https://t.co/pTvmG2DVfi https://t.co/Mmq7a9iDes,26,83,5,3,http://reut.rs/3s4DVU6,en,False,,Reuters
1488280933996195840,2022-01-31 22:40:00+00:00,1488280933996195840,"At the #Beijing2022 Winter Olympics media center in Zhangjiakou, handmade dumplings were on offer for media members. It is a tradition to eat dumplings on the New Year's Eve and according to the Lunar calendar, the New Year begins on February 1 https://t.co/HKnglwP1rF",11,47,2,2,https://twitter.com/Reuters/status/1488280933996195840/video/1,en,False,,Reuters
1488279749990535169,2022-01-31 22:35:17+00:00,1488279749990535169,Lithuanian railways halts transport of Belarus potash https://t.co/AWCFSjNvnL https://t.co/FL0srMEizd,27,77,8,2,http://reut.rs/3410UaL,en,False,,Reuters
1488278530718896129,2022-01-31 22:30:27+00:00,1488278530718896129,"Fed sees March rate hike, but no roadmap after that https://t.co/ooPOwPBynn https://t.co/wP9xPRKOyt",5,22,2,0,http://reut.rs/3IQaVGn,en,False,,Reuters
1488277228597227522,2022-01-31 22:25:16+00:00,1488277228597227522,Sony to buy 'Destiny' videogame developer Bungie in $3.6 bln deal https://t.co/ZnipqDzZ0d https://t.co/brGpJIlCkQ,26,147,11,11,http://reut.rs/3KYxV81,en,False,,Reuters
1488277159214923776,2022-01-31 22:25:00+00:00,1488277159214923776,Jaguar Land Rover-owner Tata Motors sank to a bigger-than-expected loss over the three months to the end of December https://t.co/LlMIyqtUFJ https://t.co/p5crEpuMDL,14,47,7,3,https://reut.rs/3GavyLz,en,False,,Reuters
1488275975112695818,2022-01-31 22:20:17+00:00,1488275975112695818,Breakingviews - Rogan deal blunts Spotify’s edgy podcast appeal https://t.co/9PNAGdlnI1,7,44,36,7,http://reut.rs/3ugeC3V,en,False,,Reuters
1488275901305561091,2022-01-31 22:20:00+00:00,1488275901305561091,"Vasily Nebenzya, Russia’s ambassador to the United Nations, told the U.N. Security Council that the West's talk of war was provocative and ‘whipping up hysteria’ as the international body met to discuss a Russian military buildup on the border with Ukraine https://t.co/lAt7rEPUdO https://t.co/DdCXoIQXPL",34,60,21,9,https://reut.rs/34l0nQA,en,False,,Reuters
1488274724778094594,2022-01-31 22:15:19+00:00,1488274724778094594,Nasdaq narrowly misses worst January ever as Wall Street gains https://t.co/aTHg8Kf41y https://t.co/WB7qZhl0wb,14,33,8,2,http://reut.rs/3gam5cP,en,False,,Reuters
1488274642980720640,2022-01-31 22:15:00+00:00,1488274642980720640,It’s been one year since Myanmar’s military overthrew the elected government of Aung San Suu Kyi and seized power. Here's a look at what has happened over the past 12 months inside the country https://t.co/1UzaGelGlZ,34,52,9,4,https://twitter.com/Reuters/status/1488274642980720640/video/1,en,False,,Reuters
1488273454231179267,2022-01-31 22:10:16+00:00,1488273454231179267,"Exclusive: Televisa, Univision to launch Spanish-language streaming platform in first half https://t.co/xAmTd1co76 https://t.co/esIkLo8cQl",27,80,4,1,http://reut.rs/3HkuOoB,en,False,,Reuters
1488272600539271168,2022-01-31 22:06:53+00:00,1488272600539271168,"🟩 The New York Times has acquired Wordle, a website-only word game that has seen a recent surge in popularity https://t.co/qdNY2gaoXc https://t.co/9f8OpBCA6N",73,100,18,47,https://reut.rs/3s8YVJp,en,False,,Reuters
1488272189564628995,2022-01-31 22:05:15+00:00,1488272189564628995,"Elliott, Vista Equity bolster cloud ambitions with $16.5 bln Citrix deal https://t.co/1B3zxjvKef https://t.co/HHSlzLRQya",7,20,4,2,http://reut.rs/3ri9BX0,en,False,,Reuters
1488271042615427076,2022-01-31 22:00:41+00:00,1488271042615427076,COVID patients face risks after hospital; kids' hearts return to normal after rare inflammatory illness https://t.co/JrjAz3yPNl https://t.co/fdFznnCOth,19,41,2,3,http://reut.rs/3ueq8Nm,en,False,,Reuters
1488270869310971912,2022-01-31 22:00:00+00:00,1488270869310971912,"‘Russia's actions strike at the very heart of the U.N. Charter,’ U.S. ambassador to the United Nations Linda Thomas Greenfield told the U.N. Security Council as the world body met to discuss Russia’s troop build-up on the border with Ukraine https://t.co/lAt7rEPUdO https://t.co/1MZPg3ZNy7",43,75,19,0,https://reut.rs/34l0nQA,en,False,,Reuters
1488270255252197379,2022-01-31 21:57:34+00:00,1488270255252197379,"Russia has repeatedly denied any plans to invade. However, in 2014 the Russian military seized Ukraine’s southern peninsula of Crimea and gave backing to separatist forces who took control of a swathe of eastern Ukraine https://t.co/QCsg65xSlS via @ReutersGraphics",28,74,17,2,https://reut.rs/3HkJ94C,en,False,,Reuters
1488269673422639107,2022-01-31 21:55:15+00:00,1488269673422639107,Exxon unveils sweeping restructuring in latest cost cutting move https://t.co/ZwYerblGHC https://t.co/7WK5nWemy4,4,19,2,0,http://reut.rs/3gcIohX,en,False,,Reuters
1488269609480462346,2022-01-31 21:55:00+00:00,1488269609480462346,"Olympics superfan Zhang Wenquan has collected more than 5,000 Olympic-related items from giant mascots and Olympic torch replicas to commemorative stamps and coins https://t.co/YmZFhmlMaI https://t.co/wVHsxHqNlD",2,30,2,0,https://reut.rs/34oHU5O,en,False,,Reuters
1488269003113914369,2022-01-31 21:52:35+00:00,1488269003113914369,RT @CassLGarrison: EXCLUSIVE: @Televisa and Univision sealed a joint venture today and will launch a Spanish-language streaming platform th…,39,0,0,0,,en,False,,Reuters
1488268425201963009,2022-01-31 21:50:17+00:00,1488268425201963009,Starbucks' top lawyer's pay surpassed $5 million last year https://t.co/aHYXdNR1fG https://t.co/LdX3Tm3Qvd,14,69,6,7,http://reut.rs/34nvcnC,en,False,,Reuters
1488268351151374340,2022-01-31 21:50:00+00:00,1488268351151374340,"The video gaming sector is expected to see a $150 billion deal spree this year, after Microsoft pitched nearly $70 billion for Activision Blizzard and Take-Two Interactive bid $11 billion for Zynga https://t.co/oyNq1D8Fil https://t.co/Utq0jZZLkh",13,28,2,0,https://reut.rs/33YhS9K,en,False,,Reuters
1488267158207541249,2022-01-31 21:45:15+00:00,1488267158207541249,Qatar Airways to order up to 50 Boeing 737 MAX -source https://t.co/Xrwb08g3zx https://t.co/HneXWvvuN5,24,79,10,9,http://reut.rs/3rfFmjd,en,False,,Reuters
1488267092797255682,2022-01-31 21:45:00+00:00,1488267092797255682,Cambodian lion dancer Gnuon Virak and his troop rehearse for a Lunar New Year performance https://t.co/2Ifmuy1Twh,10,54,4,3,https://twitter.com/Reuters/status/1488267092797255682/video/1,en,False,,Reuters
1488266696259424256,2022-01-31 21:43:25+00:00,1488266696259424256,RT @ReutersShowbiz: British actor and rapper Riz Ahmed and director Aneil Karia take viewers on a disturbing dystopian journey in their sho…,4,0,0,0,,en,False,,Reuters
1488266652106248192,2022-01-31 21:43:15+00:00,1488266652106248192,"RT @ReutersShowbiz: Jimin, a singer and dancer with the K-pop group #BTS, has tested positive for COVID-19 and also underwent surgery for a…",363,0,0,0,,en,False,,Reuters
1488265904735596553,2022-01-31 21:40:16+00:00,1488265904735596553,"Fed's Daly supports rate liftoff in March, wants options open on rate path https://t.co/CMIwDn2a7w https://t.co/rxlbE3TRCb",4,12,5,0,http://reut.rs/3HkZh5S,en,False,,Reuters
1488265834250194945,2022-01-31 21:40:00+00:00,1488265834250194945,People from as many as 50 cities and countries made this crocheted coral reef to generate awareness about climate change https://t.co/GtZQb6Vz2B,30,85,7,3,https://twitter.com/Reuters/status/1488265834250194945/video/1,en,False,,Reuters
1488264647228760074,2022-01-31 21:35:17+00:00,1488264647228760074,U.S. grants full approval to Moderna's COVID vaccine in adults https://t.co/CH6Wyfnxdi https://t.co/S1u98VF7uq,33,123,11,1,http://reut.rs/3rfEjzN,en,False,,Reuters
1488264576319717376,2022-01-31 21:35:00+00:00,1488264576319717376,Canadian Prime Minister Justin Trudeau said he would not be intimidated by the behavior of some people protesting against COVID-19 vaccine mandates in Ottawa https://t.co/SYoxyrRSxt https://t.co/mnRKNpegVG,64,296,173,39,https://reut.rs/3ALiXNX,en,False,,Reuters
1488263980732882947,2022-01-31 21:32:38+00:00,1488263980732882947,"Western nations, including the United States and Britain, worry that the large build-up of Russian forces along Ukraine’s borders is preparation for an invasion as part of Moscow’s efforts to prevent Ukraine from ever joining NATO https://t.co/tOMksNt7IY",18,40,13,4,https://reut.rs/3Hj4UBA,en,False,,Reuters
1488263399356215301,2022-01-31 21:30:19+00:00,1488263399356215301,"Lebanon plan sees 93% currency slide, turns bulk of FX deposits to pounds https://t.co/3ASBjLWTm6 https://t.co/yvCRTkNbdJ",56,219,19,70,http://reut.rs/3KYrSQR,en,False,,Reuters
1488263317835636740,2022-01-31 21:30:00+00:00,1488263317835636740,"Best of the #AusOpen, via @reuterspictures https://t.co/laM5n52Tas",5,38,2,0,https://twitter.com/Reuters/status/1488263317835636740/video/1,en,False,,Reuters
1488262128905736198,2022-01-31 21:25:16+00:00,1488262128905736198,Biden tells emir he will make Qatar major non-NATO ally https://t.co/9LiOH6dIJ1 https://t.co/F7aLGiwO8O,36,120,25,12,http://reut.rs/344cce4,en,False,,Reuters
1488262059787800580,2022-01-31 21:25:00+00:00,1488262059787800580,"Bulgaria has the lowest vaccination rates in the European bloc, with less than 30% of its 7 million population vaccinated. The country’s tally of infections exceeded 940,000, with more than 239,000 active cases and 33,160 deaths since the pandemic began https://t.co/YiGAEzoPuz",30,56,8,4,https://twitter.com/Reuters/status/1488262059787800580/video/1,en,False,,Reuters
1488260927854202887,2022-01-31 21:20:30+00:00,1488260927854202887,Fifth New York prosecutor declines sex harassment charges against ex-Governor Andrew Cuomo https://t.co/Dv7lJAqt39 https://t.co/tcE1jvq9yn,18,69,27,7,http://reut.rs/3HhLj4Z,en,False,,Reuters
1488259613619281922,2022-01-31 21:15:17+00:00,1488259613619281922,Boeing says Ukraine tensions creating 'adverse climate' for business https://t.co/XU3rkkkara https://t.co/psmp4PE3Dn,17,47,8,4,http://reut.rs/3rguFx2,en,False,,Reuters
1488259543616430084,2022-01-31 21:15:00+00:00,1488259543616430084,"During the past four days, China has detected 119 cases of COVID-19 among athletes and personnel linked to the Winter Olympics, with authorities imposing a ‘closed loop’ bubble to keep participants, staff and media separated from the public https://t.co/andFN2qnCY https://t.co/6Cc96za5OH",22,42,4,7,https://reut.rs/3sbntl8,en,False,,Reuters
1488258360357105668,2022-01-31 21:10:18+00:00,1488258360357105668,Explainer: Can Qatari gas offset disruptions to Russian supply in Europe? https://t.co/99glvK3nSt https://t.co/mVetYUabat,41,95,17,7,http://reut.rs/3oec5nd,en,False,,Reuters
1488257091655671809,2022-01-31 21:05:15+00:00,1488257091655671809,Georgetown Law puts new hire on leave after 'lesser' Black woman comment https://t.co/Bx4e5CSAJW https://t.co/Fmm46bVWKr,15,60,9,2,http://reut.rs/3IJ9Sbg,en,False,,Reuters
1488256915708821504,2022-01-31 21:04:33+00:00,1488256915708821504,"BREAKING: A U.S. judge in Georgia rejected a plea agreement reached with Travis McMichael, one of the three white men convicted of murdering Ahmaud Arbery, saying she was not willing to be bound to the 30-year federal prison sentence in the deal https://t.co/lcBpbIaEWs",354,1091,52,61,https://reut.rs/3HiJnJq,en,False,,Reuters
1488255950406443009,2022-01-31 21:00:43+00:00,1488255950406443009,Union battle unfolds at GM in Mexico ahead of workers' vote https://t.co/9ce9eijHRz https://t.co/CbBF2KHKBe,8,33,6,4,http://reut.rs/34jt9kC,en,False,,Reuters
1488255775516413952,2022-01-31 21:00:01+00:00,1488255775516413952,"‘I extend my cordial greetings and express my wish that in the New Year all may enjoy peace, health, and a peaceful and secure life’: Pope Francis offers wishes for Lunar New Year https://t.co/lAPmIsxMNa",12,66,4,2,https://twitter.com/Reuters/status/1488255775516413952/video/1,en,False,,Reuters
1488254565770309636,2022-01-31 20:55:13+00:00,1488254565770309636,"Canada's Trudeau 'not intimidated' by trucker protest, says he has COVID https://t.co/sYBR9Q9lJl https://t.co/opOCbq444d",35,175,103,20,http://reut.rs/34kKUzZ,en,False,,Reuters
1488254509713342469,2022-01-31 20:55:00+00:00,1488254509713342469,These statues are made of scrap metal produced by an Algerian blacksmith turned artist Walid Tribeche https://t.co/BuzHsg9KV4,11,58,2,0,https://twitter.com/Reuters/status/1488254509713342469/video/1,en,False,,Reuters
1488253317356654601,2022-01-31 20:50:15+00:00,1488253317356654601,England plans to revoke mandatory COVID jabs for health workers https://t.co/v2X4005X12 https://t.co/RehRyP76z9,50,153,15,13,http://reut.rs/3KYmIEt,en,False,,Reuters
1488253251568898049,2022-01-31 20:50:00+00:00,1488253251568898049,British Prime Minister Boris Johnson apologized and vowed to ‘fix it’ after a report into lockdown parties held at his Downing Street residence criticized serious failures at the heart of government https://t.co/ZYhsfGsyba https://t.co/9M6JvdI6Re,35,92,68,11,https://reut.rs/3IUVpZE,en,False,,Reuters
1488252061502353413,2022-01-31 20:45:16+00:00,1488252061502353413,"Iran moves centrifuge-parts production out of disputed workshop, IAEA says https://t.co/sJhliqhDGl https://t.co/YxtI5xm19i",6,48,7,2,http://reut.rs/349w5jX,en,False,,Reuters
1488251993500139528,2022-01-31 20:45:00+00:00,1488251993500139528,Rafael Nadal celebrates his epic comeback to beat Daniil Medvedev in the Australian Open final and secure a record 21st Grand Slam title https://t.co/v4lnakgkAd https://t.co/bvDDbtnCbI,50,446,20,7,https://reut.rs/3AIZyNI,en,False,,Reuters
1488250792398266379,2022-01-31 20:40:13+00:00,1488250792398266379,Crew rescued after ships collide off Dutch coast in storm https://t.co/Urv0djt92T https://t.co/szOECOFKqc,25,91,5,1,http://reut.rs/3gefzBO,en,False,,Reuters
1488250735091281922,2022-01-31 20:40:00+00:00,1488250735091281922,"Ryanair reported a loss of $107 million for the final three months of 2021. CEO Michael O'Leary said that while there had been a ‘very strong bounce back’ in bookings in recent weeks, the outlook remained hugely uncertain https://t.co/e7rPR478pv https://t.co/mjek81rQ9K",7,21,5,0,https://reut.rs/3rc62S3,en,False,,Reuters
1488249534656491527,2022-01-31 20:35:14+00:00,1488249534656491527,EXCLUSIVE Qatar seeks EU guarantees emergency gas stays within EU - source https://t.co/LS0Iz0u68Z https://t.co/hKn7rxnjYo,48,98,5,4,http://reut.rs/3KWq22N,en,False,,Reuters
1488249476762456076,2022-01-31 20:35:00+00:00,1488249476762456076,Canadian Prime Minister Justin Trudeau said he had tested positive for COVID-19 but was feeling fine and would continue to work remotely while following public health guidelines https://t.co/Wry27Tigea https://t.co/Y8R62XYfvG,37,120,53,11,https://reut.rs/3KYsAgL,en,False,,Reuters
1488248296388837378,2022-01-31 20:30:18+00:00,1488248296388837378,"Inflation expectations stable, faster price rises may be easing -Fed data https://t.co/qljRqebYkg https://t.co/8mPfvcNHZV",18,42,5,2,http://reut.rs/3geK5vs,en,False,,Reuters
1488248218454564878,2022-01-31 20:30:00+00:00,1488248218454564878,Fears have been mounting in the West that Russia may attack Ukraine after gathering tens of thousands of troops near the border. Mourners at a funeral in the separatist-held Donetsk region say they’ve had enough https://t.co/uPAd6jXUey https://t.co/kyiLOLcVIr,25,47,15,2,https://reut.rs/35Dyggd,en,False,,Reuters
1488247021131771907,2022-01-31 20:25:14+00:00,1488247021131771907,"Union, Marathon continue talks as deadline looms for U.S. refinery strikes https://t.co/EbCfqZTqZ2 https://t.co/lVnq8eTXDm",5,25,2,0,http://reut.rs/35DSHts,en,False,,Reuters
1488245762609881092,2022-01-31 20:20:14+00:00,1488245762609881092,Some gatherings in Downing Street represent serious failings - UK report https://t.co/uCgJzPJXLO https://t.co/YoKXeF2gti,18,35,7,1,http://reut.rs/3Hjok9E,en,False,,Reuters
1488245701997907974,2022-01-31 20:20:00+00:00,1488245701997907974,"‘The question is why all these Russian forces are there’: Ukrainian ambassador to the U.N. Sergiy Kyslytsya asked Russia to explain its 130,000 troops amassed near his nation’s borders, because his country had no plans for military actions against Russia https://t.co/lAt7rEPUdO https://t.co/dpc9UUGGiz",128,345,45,10,https://reut.rs/34l0nQA,en,False,,Reuters
1488244510287175685,2022-01-31 20:15:16+00:00,1488244510287175685,Breakingviews - Rogan deal blunts Spotify’s edgy podcast appeal https://t.co/CLfffspklJ,2,18,7,3,http://reut.rs/3HcO2wm,en,False,,Reuters
1488244443668893697,2022-01-31 20:15:00+00:00,1488244443668893697,Suhail al Nashash lost his eyesight at the age of 18 - and soon thereafter realized his talent for running https://t.co/CTWsuPgcfa,6,36,1,0,https://twitter.com/Reuters/status/1488244443668893697/video/1,en,False,,Reuters
1488243242126745608,2022-01-31 20:10:13+00:00,1488243242126745608,Novavax files for U.S. authorization of COVID-19 vaccine https://t.co/S4NTpw3Mj0 https://t.co/rRMOEmKfpf,20,66,6,3,http://reut.rs/3reZC4q,en,False,,Reuters
1488243185201471498,2022-01-31 20:10:00+00:00,1488243185201471498,"At Cuba´s national zoo, children pet jaguars and give milk to a zebu cow as part of a program aimed at helping those with special needs to overcome fears https://t.co/Ple00BdV3b https://t.co/WJhHyen69M",8,64,2,2,https://reut.rs/3od6cXf,en,False,,Reuters
1488241995340525573,2022-01-31 20:05:16+00:00,1488241995340525573,Some Republicans warn Trump's latest Jan. 6 speech shows he would 'do it all again' https://t.co/VDZszogW2Q https://t.co/MtqpoNnOXC,68,231,82,11,http://reut.rs/3reZ4eS,en,False,,Reuters
1488240835061821444,2022-01-31 20:00:39+00:00,1488240835061821444,Global carbon markets value surged to record $851 bln last year-Refinitiv https://t.co/bKYMIMzNL9 https://t.co/mtvpvUT479,16,50,3,3,http://reut.rs/3HjxX82,en,False,,Reuters
1488239469576835079,2022-01-31 19:55:14+00:00,1488239469576835079,"Boeing wins Qatar deal for 777X freighters, 737 MAX jets https://t.co/Lq0t7EGBki https://t.co/pmTCslrLpB",19,69,7,3,http://reut.rs/3L9rT4C,en,False,,Reuters
1488238214179692544,2022-01-31 19:50:15+00:00,1488238214179692544,"Cubans bundle up against cold as temperatures plunge, winds roar https://t.co/mljpqCDoSq https://t.co/F7HxbNtEDa",10,48,5,0,http://reut.rs/3oddcDy,en,False,,Reuters
1488236948712009729,2022-01-31 19:45:13+00:00,1488236948712009729,Fed's George: aggressive balance sheet reduction may allow for fewer rate hikes https://t.co/ETsgsjZaBd https://t.co/PDRZuvMYja,9,23,3,4,http://reut.rs/3reGDac,en,False,,Reuters
1488235980066889739,2022-01-31 19:41:22+00:00,1488235980066889739,"BREAKING: U.S. CDC warns against travel to Mexico, Brazil, Singapore and other destinations over COVID-19 concerns https://t.co/xnK6crENAm  https://t.co/xnK6crENAm",65,92,29,16,https://reut.rs/3s00nO6,en,False,,Reuters
1488235702429143040,2022-01-31 19:40:16+00:00,1488235702429143040,Ukraine's turbulent history since independence in 1991 https://t.co/iGQsuTjyO5 https://t.co/4EAEerXxr5,24,87,6,3,http://reut.rs/3HjkCN4,en,False,,Reuters
1488234697868017665,2022-01-31 19:36:16+00:00,1488234697868017665,LIVE: Pentagon briefing with John Kirby as Ukraine-Russia tensions grow https://t.co/JtbQzSydmo,52,94,21,2,https://twitter.com/i/broadcasts/1gqGvlBzOQzxB,en,False,,Reuters
1488234432943304706,2022-01-31 19:35:13+00:00,1488234432943304706,UAE to launch first federal corporate tax on business profits from June 2023 https://t.co/ZWcPQn44jN https://t.co/8SPyoOv5Ey,25,64,5,3,http://reut.rs/3soBUT1,en,False,,Reuters
1488233202028355589,2022-01-31 19:30:20+00:00,1488233202028355589,African Union suspends Burkina Faso after military coup https://t.co/qPqJ2rLK8R https://t.co/nWJvdlZmuX,46,99,17,3,http://reut.rs/3HgAnnT,en,False,,Reuters
